PRD_F,FR_ID,UC_US_ID,Conceptual_Class,ADR,Test_Feature,Status
F-001,FR-001,UC-001,User,,features/UC-001.feature,Specified
F-001,FR-002,UC-001,AuthSession,,features/UC-001.feature,Specified
F-001,FR-003,UC-001;UC-002;UC-003;UC-004,User,,features/UC-001.feature,Specified
F-002,FR-004,UC-002,Material;FileStorage,,features/UC-002.feature,Specified
F-003,FR-006,UC-003,Material,,features/UC-003.feature,Specified
F-003,FR-007,UC-003;UC-006,Material,,features/UC-003.feature,Specified
F-009,FR-008,UC-006,FileStorage;Material,,features/UC-006.feature,Specified
F-008,FR-009,UC-005,Material,,features/UC-005.feature,Specified
F-010,FR-010,UC-005,Material,,features/UC-005.feature,Specified
F-004,FR-011,UC-004,User,,features/UC-004.feature,Specified
F-004,FR-012,UC-004,Material;User,,features/UC-004.feature,Specified
F-002,FR-013,UC-004,Material;User,,features/UC-004.feature,Specified
F-005,BR-006,UC-001;UC-002;UC-003;UC-004;UC-005,UserRepository;MaterialRepository,,features/UC-002.feature,Specified
F-006,BR-003,UC-001;UC-002,Validator,,features/UC-001.feature,Specified
F-007,RST-003,UC-002;UC-003,MaterialRepository;UserRepository,,features/UC-002.feature,Specified
F-001,NFR-003,UC-001,AuthSession,,config-audit,Specified
F-002,NFR-005,UC-002,Validator;FileStorage,,features/UC-002.feature,Specified
F-003,NFR-001,UC-003,Material,,perf/UC-003.feature,Specified
F-001,NFR-006,UC-001;UC-002;UC-003;UC-004,User,,matrix-401-403,Specified
F-002,BR-007,UC-002,Material;FileStorage;MaterialRepository,,features/UC-002.feature,Specified
F-004,FR-014,UC-004,Material;User,,features/UC-004.feature,Specified
